[
  {
    "session_id": "s1",
    "customer_id": 1001,
    "event": "product_view",
    "product_id": 2001,
    "timestamp": "2025-06-01T10:00:00"
  },
  {
    "session_id": "s1",
    "customer_id": 1001,
    "event": "product_click",
    "product_id": 2001,
    "timestamp": "2025-06-01T10:02:00"
  },
  {
    "session_id": "s1",
    "customer_id": 1001,
    "event": "add_to_cart",
    "product_id": 2001,
    "timestamp": "2025-06-01T10:03:00"
  },
  {
    "session_id": "s2",
    "customer_id": 1002,
    "event": "product_view",
    "product_id": 2002,
    "timestamp": "2025-06-01T11:00:00"
  },
  {
    "session_id": "s2",
    "customer_id": 1002,
    "event": "product_click",
    "product_id": 2002,
    "timestamp": "2025-06-01T11:01:00"
  }
]
