[
  {
    "customer_id": 3001,
    "name": "Alice Johnson",
    "email": "alice@example.com",
    "signup_date": "2023-01-15",
    "address": {
      "city": "New York",
      "state": "NY",
      "zip": "10001"
    }
  },
  {
    "customer_id": 3002,
    "name": "Bob Smith",
    "email": "bob@example.com",
    "signup_date": "2023-03-10",
    "address": {
      "city": "San Francisco",
      "state": "CA",
      "zip": "94101"
    }
  },
  {
    "customer_id": 3003,
    "name": "Charlie Lee",
    "email": "charlie@example.com",
    "signup_date": "2023-05-05",
    "address": {
      "city": "Chicago",
      "state": "IL",
      "zip": "60601"
    }
  }
]
